mean,std,max,min
12.494850624010873,3.8590805975466775,23.666666666666668,1.0
20.982063532429677,3.434477622189143,31.804581201629794,10.880257017041313
27.02852214836393,4.0385473796689375,38.666666666666664,15.0
18.930622405239934,3.375902002085465,28.137849969744735,10.0323873440935
18.93319964548993,2.2744419333812878,26.855874171117417,13.654448046053698
16.249112680228926,3.3718239902879743,26.38061784789161,6.055394711439093
23.15643020073352,2.4823305003043625,31.009540214257157,16.50772493990811
24.497930272917884,3.417365176871082,36.402579638513835,16.225396838475394
